repair_count,total_questions,FEX,SEX,avg_time,avg_tokens,total_tokens
0,5,100.0,100.0,31.898422288894654,1214.4,6072
1,5,100.0,100.0,34.747004175186156,1264.6,6323
2,5,100.0,100.0,29.103793382644653,1213.8,6069
3,5,100.0,100.0,28.289920997619628,1150.4,5752
4,5,100.0,100.0,27.843938636779786,1140.2,5701
